recorded_at,temperature,feels_like,humidity,weather_description,comfort_index,wind_description,precipitation_status
2026-09-24T21:28:55.975854,17.6,15.2,57,,Comfortable,Light breeze,No
2026-09-24T23:58:46.853495,14.3,13.0,74,,Acceptable,Light breeze,No
2026-09-25T03:17:53.377556,10.6,8.7,82,,Acceptable,Light breeze,No
2026-09-25T08:54:32.206144,8.1,5.5,87,,Uncomfortable,Light breeze,No
2026-09-25T14:21:54.958274,15.5,13.2,59,,Comfortable,Light breeze,No
2026-09-25T18:45:00.387781,21.6,20.6,35,,Comfortable,Light breeze,No
2026-09-25T21:52:39.325710,18.4,17.0,54,,Very Comfortable,Light breeze,No
2026-09-26T00:19:07.811343,15.2,12.9,57,,Comfortable,Light breeze,No
2026-09-26T05:08:11.189894,13.1,10.8,77,,Acceptable,Light breeze,No
2026-09-26T09:50:59.345952,10.5,7.1,72,,Acceptable,Moderate wind,No
2026-09-26T13:56:09.810051,15.7,13.0,57,,Comfortable,Light breeze,No
2026-09-26T17:32:42.230676,23.7,22.4,34,,Comfortable,Light breeze,No
2026-09-26T22:44:53.589070,19.1,18.4,60,,Very Comfortable,Light breeze,No
2026-09-27T00:57:32.147354,16.6,14.2,59,,Comfortable,Light breeze,No
2026-09-27T06:04:00.491378,12.2,9.5,71,,Acceptable,Light breeze,No
2026-09-27T11:57:30.813822,11.2,8.8,79,,Acceptable,Light breeze,No
2026-09-27T16:10:20.775528,21.5,19.6,47,,Very Comfortable,Moderate wind,No
2026-09-27T19:46:41.930863,24.8,21.3,31,,Comfortable,Moderate wind,No
2026-09-27T22:37:10.730528,20.9,19.8,53,,Very Comfortable,Light breeze,No
2026-09-28T01:11:08.578082,16.9,15.8,71,,Acceptable,Light breeze,No
2026-09-28T06:49:36.684834,14.9,14.4,84,,Acceptable,Light breeze,No
2026-09-28T14:35:14.679268,16.7,16.6,78,,Acceptable,Light breeze,No
2026-09-28T20:46:14.439410,19.2,19.4,73,,Acceptable,Light breeze,No
2026-09-29T00:37:39.474508,16.7,17.4,88,,Acceptable,Light breeze,No
2026-09-29T06:10:01.707807,16.3,16.7,85,,Acceptable,Light breeze,No
2026-09-29T12:46:43.055355,17.1,18.4,85,,Acceptable,Calm,No
2026-09-29T18:20:25.348020,20.8,20.9,65,,Comfortable,Light breeze,No
2026-09-29T22:23:38.408718,20.1,20.4,64,,Comfortable,Calm,No
2026-09-30T01:24:33.599134,16.4,16.8,85,,Acceptable,Light breeze,No
2026-09-30T07:00:34.721919,15.1,15.0,90,,Acceptable,Light breeze,No
